Number,Type,Release date/date of original information retrieval,Source,Accessed on,Manufacturer,Product,Hash rate in Mh/s,Power in W,Efficiency in Mh/J
1,GPU,03/19/2012,https://www.cryptocompare.com/mining/amd/radeon-hd-7870-ethereum-mining/,05/07/2018,AMD,Radeon HD 7870,10.2,175,0.0582857142857143
,,03/19/2012,https://en.wikipedia.org/wiki/Radeon_HD_7000_Series,05/07/2018,,,,,
2,GPU,03/22/2012,https://en.wikipedia.org/wiki/GeForce_600_series,05/07/2018,NVIDIA,GeForce GTX 680,15,195,0.0769230769230769
,,03/22/2012,https://cryptomining24.net/gpu-table-with-hashrate/,05/07/2018,,,,,
3,GPU,08/16/2012,https://en.wikipedia.org/wiki/GeForce_600_series,05/07/2018,NVIDIA,GeForce GTX 660 Ti,11.75,150,0.0783333333333333
,,08/16/2012,https://cryptomining24.net/gpu-table-with-hashrate/,05/07/2018,,,,,
4,GPU,10/09/2012,https://en.wikipedia.org/wiki/GeForce_600_series,05/07/2018,NVIDIA,GeForce GTX 650 Ti,10.33,110,0.0939090909090909
,,10/09/2012,https://cryptomining24.net/gpu-table-with-hashrate/,05/07/2018,,,,,
5,GPU,04/01/2013,https://www.cryptocompare.com/mining/amd/radeon-r9-hd-7990-ethereum-mining/,05/07/2018,AMD,Radeon R9 HD 7990,36,375,0.096
,,04/01/2013,https://en.wikipedia.org/wiki/Radeon_HD_7000_Series,05/07/2018,,,,,
6,GPU,05/23/2013,https://en.wikipedia.org/wiki/GeForce_700_series,05/07/2018,NVIDIA ,GeForce GTX 780,20,250,0.08
,,05/23/2013,https://cryptomining24.net/gpu-table-with-hashrate/,05/07/2018,,,,,
7,GPU,05/30/2013,https://en.wikipedia.org/wiki/GeForce_700_series,05/07/2018,NVIDIA,GeForce GTX 770,15,230,0.0652173913043478
,,05/30/2013,https://cryptomining24.net/gpu-table-with-hashrate/,05/07/2018,,,,,
8,GPU,06/25/2013,https://en.wikipedia.org/wiki/GeForce_700_series,05/07/2018,NVIDIA,GeForce GTX 760,15,170,0.0882352941176471
,,06/25/2013,https://cryptomining24.net/gpu-table-with-hashrate/,05/07/2018,,,,,
9,GPU,10/24/2013,http://www.sapphiretech.com/page.asp?IDno=5371&lang=eng,05/07/2018,AMD,Sapphire R9 290X,30.5,290,0.105172413793103
,,10/24/2013,https://cryptomining24.net/gpu-table-with-hashrate/,05/07/2018,,,,,
,,10/24/2013,https://www.amazon.com/gp/product/B00HJOXUKC/ref=as_li_tl?ie=UTF8&tag=jitendradhg13-20&camp=1789&creative=9325&linkCode=as2&creativeASIN=B00HJOXUKC&linkId=e0d7f5edd5168764bddde4d995694839,05/07/2018,,,,,
10,GPU,11/07/2013,https://en.wikipedia.org/wiki/GeForce_700_series,05/07/2018,NVIDIA,GeForce GTX 780 Ti,22,250,0.088
,,11/07/2013,https://cryptomining24.net/gpu-table-with-hashrate/,05/07/2018,,,,,
11,GPU,12/19/2013,https://www.cryptocompare.com/mining/amd/radeon-r9-290x-tri-x-ethereum-mining/,05/07/2018,AMD,Radeon R9 290x Tri-X,22,290,0.0758620689655172
,,12/19/2013,http://www.pcgameshardware.de/AMD-Radeon-Grafikkarte-255597/Tests/Sapphire-Radeon-R9-290-Tri-X-OC-Test-1102085/,05/07/2018,,,,,
12,GPU,02/18/2014,https://www.cryptocompare.com/mining/nvidia/nvidia-geforce-gtx-750-ti-ethereum-mining/,05/07/2018,NVIDIA,GeForce GTX 750 Ti ,6,40,0.15
,,02/18/2014,https://en.wikipedia.org/wiki/GeForce_700_series,05/07/2018,,,,,
13,GPU,02/18/2014,https://en.wikipedia.org/wiki/GeForce_700_series,05/07/2018,NVIDIA,GeForce GTX Titan Black,20.5,250,0.082
,,02/18/2014,https://cryptomining24.net/gpu-table-with-hashrate/,05/07/2018,,,,,
14,GPU,04/08/2014,https://www.cryptocompare.com/mining/amd/radeon-r9-295x2-ethereum-mining/,05/07/2018,AMD,Radeon R9 295x2,46,500,0.092
,,04/08/2014,https://en.wikipedia.org/wiki/AMD_Radeon_Rx_200_series,05/07/2018,,,,,
15,GPU,09/18/2014,https://en.wikipedia.org/wiki/GeForce_900_series,05/07/2018,NVIDIA,GeForce GTX 980,20,165,0.121212121212121
,,09/18/2014,https://cryptomining24.net/gpu-table-with-hashrate/,05/07/2018,,,,,
16,GPU,09/18/2014,https://www.cryptocompare.com/mining/nvidia/nvidia-geforce-gtx-970-ethereum-mining/,05/07/2018,NVIDIA,GeForce GTX 970,15.9,145,0.109655172413793
,,09/18/2014,https://en.wikipedia.org/wiki/GeForce_900_series,05/07/2018,,,,,
17,GPU,01/22/2015,https://en.wikipedia.org/wiki/GeForce_900_series,05/07/2018,NVIDIA,GeForce GTX 960,10.9,120,0.0908333333333333
,,01/22/2015,https://cryptomining24.net/gpu-table-with-hashrate/#nvidia,05/07/2018,,,,,
18,GPU,03/17/2015,https://en.wikipedia.org/wiki/GeForce_900_series,05/07/2018,NVIDIA,GeForce GTX Titan X,40,250,0.16
,,03/17/2015,https://www.buriedone.com/hashrates.html,05/07/2018,,,,,
19,GPU,06/01/2015,https://en.wikipedia.org/wiki/AMD_Radeon_Rx_300_series,05/07/2018,AMD,Radeon R9 390,32,275,0.116363636363636
,,06/01/2015,https://cryptomining24.net/gpu-table-with-hashrate/#nvidia,05/07/2018,,,,,
20,GPU,06/01/2015,https://en.wikipedia.org/wiki/AMD_Radeon_Rx_300_series,05/07/2018,AMD,Radeon R9 390X,33.5,275,0.121818181818182
,,06/01/2015,https://cryptomining24.net/gpu-table-with-hashrate/#nvidia,05/07/2018,,,,,
21,GPU,06/01/2015,https://www.cryptocompare.com/mining/amd/strix-radeon-r7-370-ethereum-mining/,05/07/2018,AMD,Radeon Strix R7 370,12,110,0.109090909090909
,,06/01/2015,https://en.wikipedia.org/wiki/AMD_Radeon_Rx_300_series,05/07/2018,,,,,
22,GPU,06/01/2015,https://www.cryptocompare.com/mining/amd/radeon-r9-380-ethereum-mining/,05/07/2018,AMD,Radeon R9 380,17,190,0.0894736842105263
,,06/01/2015,https://en.wikipedia.org/wiki/AMD_Radeon_Rx_300_series,05/07/2018,,,,,
23,GPU,06/01/2015,https://www.cryptocompare.com/mining/amd/radeon-r9-fury-x-ethereum-mining/,05/07/2018,AMD,Radeon R9 Fury X,23.5,275,0.0854545454545455
,,06/01/2015,https://en.wikipedia.org/wiki/AMD_Radeon_Rx_300_series,05/07/2018,,,,,
24,GPU,06/02/2015,https://en.wikipedia.org/wiki/GeForce_900_series,05/07/2018,NVIDIA,GeForce GTX 980 Ti,23.5,250,0.094
,,06/02/2015,https://cryptomining24.net/gpu-table-with-hashrate/#nvidia,05/07/2018,,,,,
25,GPU,08/01/2015,https://www.cryptocompare.com/mining/amd/radeon-r9-nano-ethereum-mining/,05/07/2018,AMD,Radeon R9 Nano,23,175,0.131428571428571
,,08/01/2015,https://en.wikipedia.org/wiki/AMD_Radeon_Rx_300_series,05/07/2018,,,,,
26,GPU,11/01/2015,https://www.cryptocompare.com/mining/amd/radeon-r9-380x-ethereum-mining/,05/07/2018,AMD,Radeon R9 380x,18,200,0.09
,,11/01/2015,https://en.wikipedia.org/wiki/AMD_Radeon_Rx_300_series,05/07/2018,,,,,
27,GPU,05/27/2016,https://www.buriedone.com/hashrates.html,05/07/2018,NVIDIA,GeForce GTX 1080  ,27,180,0.15
,,05/27/2016,https://en.wikipedia.org/wiki/GeForce_10_series,05/07/2018,,,,,
28,GPU,06/01/2016,https://www.cryptocompare.com/mining/amd/radeon-rx-480-ethereum-mining/,05/07/2018,AMD,Radeon Rx 480,25,150,0.166666666666667
,,06/01/2016,https://en.wikipedia.org/wiki/AMD_Radeon_400_series,05/07/2018,,,,,
29,GPU,06/10/2016,https://www.techradar.com/news/best-mining-gpu,05/07/2018,NVIDIA,GeForce GTX 1070,30,150,0.2
,,06/10/2016,https://en.wikipedia.org/wiki/GeForce_10_series,05/07/2018,,,,,
30,GPU,08/01/2016,https://www.buriedone.com/hashrates.html,05/07/2018,AMD,Radeon RX 460,13,75,0.173333333333333
,,08/01/2016,https://en.wikipedia.org/wiki/AMD_Radeon_400_series,05/07/2018,,,,,
31,GPU,08/01/2016,https://www.cryptocompare.com/mining/amd/radeon-rx-470-ethereum-mining/,05/07/2018,AMD,Radeon RX 470 ,24,150,0.16
,,08/01/2016,https://en.wikipedia.org/wiki/AMD_Radeon_400_series,05/07/2018,,,,,
32,GPU,08/18/2016,https://www.buriedone.com/hashrates.html,05/07/2018,NVIDIA,GeForce GTX 1060,24,120,0.2
,,08/18/2016,https://en.wikipedia.org/wiki/GeForce_10_series,05/07/2018,,,,,
33,GPU,10/25/2016,https://www.buriedone.com/hashrates.html,05/07/2018,NVIDIA,Radeon GTX 1050 Ti,15,75,0.2
,,10/25/2016,https://en.wikipedia.org/wiki/GeForce_10_series,05/07/2018,,,,,
34,GPU,03/10/2017,https://www.buriedone.com/hashrates.html,05/07/2018,NVIDIA,GeForce GTX 1080 Ti,37,250,0.148
,,03/10/2017,https://en.wikipedia.org/wiki/GeForce_10_series,05/07/2018,,,,,
35,GPU,04/06/2017,https://www.techspot.com/article/1438-ethereum-mining-gpu-benchmark/%20&%20,05/07/2018,NVIDIA,GeForce Titan Xp,30.8,250,0.1232
,,04/06/2017,http://www.nvidia.de/graphics-cards/geforce/pascal/titan-xp/,05/07/2018,,,,,
,,04/06/2017,https://en.wikipedia.org/wiki/GeForce_10_series,05/07/2018,,,,,
36,GPU,04/18/2017,https://www.cryptocompare.com/mining/amd/asus-rog-strix-radeon-rx-570-o4g/,05/07/2018,AMD,Radeon RX 570,22,115,0.191304347826087
,,04/18/2017,https://en.wikipedia.org/wiki/AMD_Radeon_500_series,05/07/2018,,,,,
37,GPU,04/18/2017,https://www.buriedone.com/hashrates.html,05/07/2018,AMD,Radeon RX 580,30,185,0.162162162162162
,,04/18/2017,https://en.wikipedia.org/wiki/AMD_Radeon_500_series,05/07/2018,,,,,
38,GPU,04/20/2017,https://www.buriedone.com/hashrates.html,05/07/2018,AMD,Radeon RX 550,11,50,0.22
,,04/20/2017,https://en.wikipedia.org/wiki/AMD_Radeon_500_series,05/07/2018,,,,,
39,GPU,07/01/2017,https://www.buriedone.com/hashrates.html,05/07/2018,AMD,Radeon RX Vega Frontier Edition,37,300,0.123333333333333
,,07/01/2017,https://www.theverge.com/circuitbreaker/2017/6/27/15882684/amd-radeon-vega-frontier-edition-gpu-price-now-available,05/07/2018,,,,,
40,GPU,08/14/2017,https://www.buriedone.com/hashrates.html,05/07/2018,AMD,Radeon RX Vega 64,40,295,0.135593220338983
,,08/14/2017,https://en.wikipedia.org/wiki/AMD_RX_Vega_series,05/07/2018,,,,,
41,GPU,08/14/2017,https://www.buriedone.com/hashrates.html,05/07/2018,AMD,Radeon RX Vega 64 Liquid,44,345,0.127536231884058
,,08/14/2017,https://en.wikipedia.org/wiki/AMD_RX_Vega_series,05/07/2018,,,,,
42,GPU,08/28/2017,https://www.buriedone.com/hashrates.html,05/07/2018,AMD,Radeon RX Vega 56,37,210,0.176190476190476
,,08/28/2017,https://en.wikipedia.org/wiki/AMD_RX_Vega_series,05/07/2018,,,,,
43,GPU,11/02/2017,https://www.buriedone.com/hashrates.html,05/07/2018,NVIDIA,GeForce GTX 1070 Ti,32,150,0.213333333333333
,,11/02/2017,https://en.wikipedia.org/wiki/GeForce_10_series,05/07/2018,,,,,
44,GPU,12/13/2017,https://www.techradar.com/news/nvidias-titan-v-is-a-massively-powerful-gpu-for-cryptocurrency-mining,05/07/2018,NVIDIA,GTX Titan V,77,237,0.324894514767933
,,12/13/2017,https://www.justcryptonews.com/313/nvidia-titan-v-best-gpu-ethereum-mining-if-you-afford-it-video,05/07/2018,,,,,
